"コントロールカラム","カテゴリID","パス名","親カテゴリID"
"n","10002","鉄部","Root"
"n","10003","うすめ液","Root"
"n","10004","梱包・養生テープ類","Root"
"n","10005","PIAローラー関連製品","Root"
"n","10006","キシラデコール","Root"
"n","10007","接着剤・副資材","Root"
"n","10008","オスモ","Root"
"n","10009","外壁","Root"
"n","10010","KURE","10018"
"n","10011","ホビーアイテム","Root"
"n","10012","塗料用具","Root"
"n","10013","特価品コーナー","Root"
"n","10015","その他","Root"
"n","10016","床用塗料","Root"
"n","10017","洗浄剤・保護材","Root"
"n","10019","塗料（1）","Root"
"n","10020","ジンクリッチペイント","Root"
"n","10022","室内","Root"
"n","10023","耐熱","Root"
"n","10024","ケース売りコーナー","Root"
"n","10028","ターナー色彩株式会社","Root"
"n","10029","ブライワックス【BRIWAX】","Root"
"n","10030","ローバル株式会社","Root"
"n","10031","ロックペイント株式会社","Root"
"n","10032","大阪ガスケミカル株式会社","Root"
"n","10033","塗料(2)","Root"
"n","20001","ロックペイント株式会社","10002"
"n","20002","ローバル株式会社","10021"
"n","20003","塗料用シンナー","10003"
"n","20004","セキスイテクノ商事西日本株式会社","10004"
"n","20005","菊水テープ株式会社","10004"
"n","20006","ダイヤテックス株式会社","10004"
"n","20007","住友スリーエム株式会社","10019"
"n","20008","シンロイヒ株式会社","10021"
"n","20009","コニシ","10014"
"n","20010","株式会社アサヒペン","10021"
"n","20011","オスモ＆エーデル株式会社","10021"
"n","20012","大阪ガスケミカル株式会社","10021"
"n","20013","サンデーペイント株式会社","10021"
"n","20014","セメダイン","10014"
"n","20016","ターナー色彩株式会社","10021"
"n","20017","株式会社アルテコ","10014"
"n","20018","ブライワックス【BRIWAX】","10019"
"n","20019","ワトコ【WATCO】","10019"
"n","20020","株式会社リンレイ","10018"
"n","20021","アトミクス株式会社","10021"
"n","20022","ペンギンワックス株式会社","10019"
"n","20023","リボス【LIVOS】","10019"
"n","20024","オールドビレッジ【Oｌｄ Vｉｌｌａｇｅ 】","10019"
"n","20025","日本ペイント株式会社","10021"
"n","20026","エスケー化研株式会社","10021"
"n","20027","和信化学工業株式会社","10021"
"n","20028","株式会社染めQテクノロジィ","10021"
"n","20029","マグペイントジャパン株式会社","10019"
"n","20030","三井化学産資株式会社","10019"
"n","20031","株式会社エーゼット","10019"
"n","20032","株式会社カンペハピオ","10019"
"n","20033","三菱鉛筆株式会社","10019"
"n","20034","ニッペホームプロダクツ株式会社","10021"
"n","20035","日新インダストリー株式会社","10021"
"n","20036","大谷塗料株式会社","10019"
"n","20037","屋外木部","10022"
"n","20038","サクラクレパス株式会社","10019"
"n","20039","株式会社タイホーコーザイ","10019"
"n","20040","和信ペイント株式会社","10019"
"n","20041","好川産業株式会社","10019"
"n","20042","ロックペイント株式会社","10021"
"n","20043","オキツモ株式会社","10021"
"n","20044","ラッカーシンナー","10003"
"n","20045","日東電工株式会社","10004"
"n","20046","微弾性フィラー","10025"
"n","20047","ニッペホームプロダクツ株式会社","10019"
"n","20048","竹林化学工業株式会社","10021"
"n","20049","三彩化工株式会社","10021"
"n","20050","アトムハウスペイント","10019"
"n","20051","株式会社デビカ","10019"
"n","20052","株式会社デビカ2","10033"
"n","20053","株式会社プラネットジャパン","10033"
"n","20054","ソーラー株式会社","10019"
"n","20056","ECOSオーガニックペイント","10033"
"n","20121","作業灯・照明用品","10037"
"n","30001","超硬スクエアエンドミル","20057"
"n","30002","超硬ラジアスエンドミル","20057"
"n","30003","超硬ラフィングエンドミル","20057"
"n","30004","超硬ボールエンドミル","20057"
"n","30005","ハイススクエアエンドミル","20057"
"n","30006","ハイスラフィングエンドミル","20057"
"n","30007","ハイスボールエンドミル","20057"
"n","30008","エンドミルケース","20057"
"n","30009","ミーリングカッター","20057"
"n","30010","カッター（切削）","20057"
"n","30011","沈めフライス","20057"
"n","30012","バイト","20057"
"n","30013","ハイス付刃バイト","20057"
"n","30014","ハイスチップ","20057"
"n","30015","完成バイト","20057"
"n","30016","ステッキバイト","20057"
"n","30017","バイトホルダ","20057"
"n","30018","ローラバニシングツール","20057"
"n","30019","ローレット","20057"
"n","30020","超硬コーティングドリル","20058"
"n","30021","超硬ドリル","20058"
"n","30022","ハイスコーティングドリル","20058"
"n","30023","ハイスドリル","20058"
"n","30024","テーパーシャンクドリル","20058"
"n","30025","ドリルセット","20058"
"n","30026","ドリルケース","20058"
"n","30027","電気ドリル用ドリル","20058"
"n","30028","ステップドリル","20058"
"n","30029","磁気ボール盤カッター","20058"
"n","30030","ホールソー","20058"
"n","30031","コアドリル","20058"
"n","30032","コンクリートドリル","20058"
"n","30033","木工用ドリル","20058"
"n","30034","木工用ビット・カッター","20058"
"n","30035","スパイラルタップ","20059"
"n","30036","ポイントタップ","20059"
"n","30037","ロールタップ","20059"
"n","30038","ハンドタップ","20059"
"n","30039","六角軸タップ","20059"
"n","30040","タップホルダ","20059"
"n","30041","管用タップ","20059"
"n","30042","工作機用ねじ切り工具","20059"
"n","30043","ダイス","20059"
"n","30044","ねじ山修正工具","20059"
"n","30045","タップ・ボルト除去工具","20059"
"n","30046","インサートねじ","20059"
"n","30047","センタードリル","20060"
"n","30048","リーマ","20060"
"n","30049","工作機用面取り工具","20060"
"n","30050","カウンターシンク","20060"
"n","30051","面取り・バリ取り工具","20060"
"n","30052","ホルダー","20061"
"n","30053","チップ","20061"
"n","30054","ツーリング工具","20062"
"n","30055","フライス盤用工具","20062"
"n","30056","チャック・生爪","20062"
"n","30057","回転センター","20062"
"n","30058","旋盤用品","20062"
"n","30059","ドリルソケット・スリーブ","20062"
"n","30060","ドリルチャック","20062"
"n","30061","マシンバイス","20062"
"n","30062","レベル調整治具","20062"
"n","30063","治具ベース","20062"
"n","30064","スタッドボルト","20062"
"n","30065","クランピングナット","20062"
"n","30066","クランピング座金","20062"
"n","30067","スクリューサポート","20062"
"n","30068","クランプ（工作機械用）","20062"
"n","30069","冷却装置","20062"
"n","30070","プレス機用工具","20062"
"n","30071","マグネットスタンド","20063"
"n","30072","マグネットベース","20063"
"n","30073","マグネットブロック","20063"
"n","30074","マグネットチャック","20063"
"n","30075","電磁ホルダ","20063"
"n","30076","マグネットホルダ","20063"
"n","30077","マグネットシート","20063"
"n","30078","マグネット素材","20063"
"n","30079","溶接用マグネットホルダ","20063"
"n","30080","マグネットハンド","20063"
"n","30081","磁選用品","20063"
"n","30082","着磁器・脱磁器","20063"
"n","30083","リフティングマグネット","20063"
"n","30084","マイクロメーター","20064"
"n","30085","マイクロメータースタンド","20064"
"n","30086","ホールテスト","20064"
"n","30087","マイクロメーターヘッド","20064"
"n","30088","ノギス","20064"
"n","30089","ハイトゲージ","20064"
"n","30090","デプスゲージ","20064"
"n","30091","ダイヤルゲージ","20064"
"n","30092","シックネスゲージ","20064"
"n","30093","シリンダーゲージ","20064"
"n","30094","ゲージ","20064"
"n","30095","スコヤ・水準器","20064"
"n","30096","直尺","20064"
"n","30097","曲尺","20064"
"n","30098","定規","20064"
"n","30099","分度器","20064"
"n","30100","ケガキ用品","20064"
"n","30101","定盤","20064"
"n","30102","表面粗さ測定機","20065"
"n","30103","形状測定機","20065"
"n","30104","顕微鏡","20065"
"n","30105","拡大鏡","20065"
"n","30106","ルーペ","20065"
"n","30107","点検鏡","20065"
"n","30108","マイクロスコープ","20065"
"n","30109","双眼鏡","20065"
"n","30110","ドローン","20065"
"n","30111","ウェアラブルカメラ","20065"
"n","30112","マルチメーター","20066"
"n","30113","クランプメーター","20066"
"n","30114","絶縁抵抗計","20066"
"n","30115","検電器","20066"
"n","30116","検相器","20066"
"n","30117","ケーブル探索機","20066"
"n","30118","静電気測定器","20066"
"n","30119","温度計・湿度計","20066"
"n","30120","熱感知・測定器","20066"
"n","30121","環境測定器","20066"
"n","30122","ガス測定器・検知器","20066"
"n","30123","水質・水分測定器","20066"
"n","30124","振動計・回転計","20066"
"n","30125","硬度計","20066"
"n","30126","粘度計","20066"
"n","30127","膜厚計・探知器","20066"
"n","30128","非破壊検査機器","20066"
"n","30129","流量計","20066"
"n","30130","圧力計","20066"
"n","30131","真空計","20066"
"n","30132","ストップウォッチ・タイマー","20066"
"n","30133","カウンタ","20066"
"n","30134","はかり","20066"
"n","30135","テンションゲージ","20066"
"n","30136","トルク機器","20066"
"n","30144","エアユニット","20068"
"n","30145","電磁弁","20068"
"n","30146","切替弁","20068"
"n","30147","圧力スイッチ","20068"
"n","30148","サイレンサ","20068"
"n","30149","スピードコントローラ","20068"
"n","30150","エアバルブ","20068"
"n","30151","真空発生機器","20068"
"n","30152","ショックアブソーバ","20068"
"n","30153","油圧ユニット","20068"
"n","30154","油圧ポンプ","20068"
"n","30155","油圧バルブ","20068"
"n","30156","油圧フィルター","20068"
"n","30157","チューブ継手","20069"
"n","30158","カップリング","20069"
"n","30159","エア配管継手","20069"
"n","30160","ボールバルブ","20069"
"n","30161","ニードルバルブ","20069"
"n","30162","エアチューブ・ホース","20069"
"n","30163","チューブ用品","20069"
"n","30164","チューブカッター","20069"
"n","30165","エアリール","20069"
"n","30170","ボール盤","20071"
"n","30171","旋盤・フライス盤","20071"
"n","30172","切断機","20071"
"n","30173","卓上グラインダー","20071"
"n","30174","研削機","20071"
"n","30175","かくはん機","20071"
"n","30176","ノッカー・バイブレーター","20071"
"n","30177","熱加工機","20071"
"n","30178","ヒーター","20071"
"n","30179","ベアリング","20072"
"n","30180","ベアリングユニット","20072"
"n","30181","すべり軸受","20072"
"n","30182","直動部品","20072"
"n","30183","モーター・減速機","20072"
"n","30184","クラッチ","20072"
"n","30185","歯車","20072"
"n","30186","カップリング","20072"
"n","30187","シャフトカラー","20072"
"n","30188","マシンキー","20072"
"n","30189","チェーン","20072"
"n","30190","スプロケット","20072"
"n","30191","ベルト","20072"
"n","30192","プーリー","20072"
"n","30193","テンショナー","20072"
"n","30194","Ｏリング・オイルシール","20073"
"n","30195","ゴム素材","20073"
"n","30196","樹脂素材","20073"
"n","30197","金属素材","20073"
"n","30198","防振材","20073"
"n","30199","アジャスター","20073"
"n","30200","プランジャー","20073"
"n","30201","金型用ばね","20073"
"n","30202","ばね","20073"
"n","30203","割ピン","20073"
"n","30204","スナップリング","20073"
"n","30205","オイルゲージ","20073"
"n","30206","オイル栓","20073"
"n","30207","ノブ","20073"
"n","30208","レバー","20073"
"n","30209","ハンドル・グリップ","20073"
"n","30210","取手","20073"
"n","30211","蝶番","20073"
"n","30212","スライドレール","20073"
"n","30213","ステー","20073"
"n","30214","パッチン錠","20073"
"n","30215","アルミフレーム","20073"
"n","30216","建築蝶番","20074"
"n","30217","貫抜","20074"
"n","30218","手すり","20074"
"n","30219","キャッチ","20074"
"n","30220","ドアクローザ","20074"
"n","30221","ドアストッパー","20074"
"n","30222","取手","20074"
"n","30223","鍵","20074"
"n","30224","チェーン","20074"
"n","30225","ワイヤロープ","20074"
"n","30226","荷役金具","20074"
"n","30227","吊金具","20074"
"n","30228","棚受金具","20074"
"n","30229","ジョイント金具","20074"
"n","30230","針金","20074"
"n","30231","金網","20074"
"n","30232","建築資材","20074"
"n","30233","板材","20074"
"n","30234","波板","20074"
"n","30235","戸車","20074"
"n","30236","ドアハンガー","20074"
"n","30237","プレート式ゴム車","20075"
"n","30238","プレート式ウレタン車","20075"
"n","30239","プレート式ナイロン車","20075"
"n","30240","プレート式エラストマー車","20075"
"n","30241","プレート式ポリカーボネート車","20075"
"n","30242","ねじ込み式ゴム車","20075"
"n","30243","ねじ込み式ウレタン車","20075"
"n","30244","ねじ込み式ナイロン車","20075"
"n","30245","ねじ込み式エラストマー車","20075"
"n","30246","差し込み式キャスター","20075"
"n","30247","アングル式キャスター","20075"
"n","30248","双輪キャスター","20075"
"n","30249","省音キャスター","20075"
"n","30250","静電キャスター","20075"
"n","30251","緩衝キャスター","20075"
"n","30252","特殊環境用キャスター","20075"
"n","30253","低床式キャスター","20075"
"n","30254","重荷重用キャスター","20075"
"n","30255","鋳物製キャスター","20075"
"n","30256","ストッパー","20075"
"n","30285","ステーション型はんだこて","20078"
"n","30339","瞬間接着剤","20082"
"n","30340","接着剤１液タイプ","20082"
"n","30341","接着剤２液タイプ","20082"
"n","30342","ねじゆるみ止め剤","20082"
"n","30343","ＵＶ硬化型接着剤","20082"
"n","30344","接着剤用ディスペンサー","20082"
"n","30345","スプレーのり","20082"
"n","30346","ホットメルト接着剤","20082"
"n","30347","工業用シーリング剤","20082"
"n","30348","配管用シール剤","20082"
"n","30349","金属用補修剤","20082"
"n","30350","コンクリート用補修剤","20082"
"n","30351","水中用補修剤","20082"
"n","30352","簡易補修剤","20082"
"n","30353","建築・内装用補修剤","20082"
"n","30354","コーキングガン","20082"
"n","30355","建築用シーリング剤","20082"
"n","30356","発泡ウレタン","20082"
"n","30357","切削油剤","20083"
"n","30358","防錆剤","20083"
"n","30359","サビ取り剤","20083"
"n","30360","気化性防錆剤","20083"
"n","30361","離型剤","20083"
"n","30362","潤滑剤","20083"
"n","30363","焼付防止潤滑剤","20083"
"n","30364","食品機械用潤滑剤","20083"
"n","30365","グリス・ペースト","20083"
"n","30366","潤滑油","20083"
"n","30367","探傷剤","20083"
"n","30368","検知剤","20083"
"n","30369","ケガキ剤","20083"
"n","30370","洗浄剤","20083"
"n","30371","接点復活剤","20083"
"n","30372","静電・帯電防止剤","20083"
"n","30373","スパッタ付着防止剤","20083"
"n","30374","はがし剤","20083"
"n","30375","精製水","20083"
"n","30376","キャビネットタイプ","20084"
"n","30377","ボードタイプ","20084"
"n","30378","チェストタイプ","20084"
"n","30379","手提げタイプ","20084"
"n","30380","電設・配管工具セット","20084"
"n","30381","ツールキット","20084"
"n","30382","ソケットレンチセット","20085"
"n","30383","ヘキサゴンソケットレンチセット","20085"
"n","30384","ソケット","20085"
"n","30385","スタッドボルトリムーバー","20085"
"n","30386","ヘキサゴンソケット","20085"
"n","30387","ヘックスローブソケット","20085"
"n","30388","ドライバービットソケット","20085"
"n","30389","エクステンションバー","20085"
"n","30390","ユニバーサルジョイント","20085"
"n","30391","ソケットアダプター","20085"
"n","30392","ラチェットハンドル","20085"
"n","30393","スピンナハンドル","20085"
"n","30394","ドライバー形ハンドル","20085"
"n","30395","スピーダーハンドル","20085"
"n","30396","Ｔ形ハンドル","20085"
"n","30397","Ｔ形レンチ","20085"
"n","30398","航空機用工具","20085"
"n","30399","インパクト用ソケット","20085"
"n","30400","インパクト用ヘキサゴンソケット","20085"
"n","30401","インパクト用ソケットビット","20085"
"n","30402","インパクト用アタッチメント","20085"
"n","30403","ソケットビット","20085"
"n","30404","ソケットビット用アタッチメント","20085"
"n","30405","倍力レンチ","20086"
"n","30406","ラチェットレンチ","20086"
"n","30407","コンビネーションラチェットレンチ","20086"
"n","30408","配管用ラチェットレンチ","20086"
"n","30409","板ラチェットレンチ","20086"
"n","30410","めがねレンチ","20086"
"n","30411","ラチェットめがねレンチ","20086"
"n","30412","打撃レンチ","20086"
"n","30413","フレアナットレンチ","20086"
"n","30414","クロウフットレンチ","20086"
"n","30415","モンキーレンチ","20086"
"n","30416","スパナ","20086"
"n","30417","コンビネーションスパナ","20086"
"n","30418","引掛けスパナ","20086"
"n","30419","特殊用途スパナ","20086"
"n","30420","ギヤプーラー","20086"
"n","30421","ベアリングプーラー","20086"
"n","30422","グリップドライバー","20087"
"n","30423","樹脂柄ドライバー","20087"
"n","30424","スタビードライバー","20087"
"n","30425","木柄ドライバー","20087"
"n","30426","精密ドライバー","20087"
"n","30427","検電ドライバー","20087"
"n","30428","差替式ドライバー","20087"
"n","30429","ラチェット式ドライバー","20087"
"n","30430","オフセット式ラチェットドライバー","20087"
"n","30431","ソケットドライバー","20087"
"n","30432","インパクトドライバー（手動）","20087"
"n","30433","六角棒ドライバー","20087"
"n","30434","ヘックスローブドライバー","20087"
"n","30435","特殊ドライバー","20087"
"n","30436","ボールポイント六角棒レンチ","20087"
"n","30437","六角棒レンチ","20087"
"n","30438","ヘックスローブレンチ","20087"
"n","30439","プライヤー","20088"
"n","30440","ノーズプライヤー","20088"
"n","30441","精密プライヤー","20088"
"n","30442","小ねじプライヤー","20088"
"n","30443","リングプライヤー","20088"
"n","30444","スナップリングプライヤー","20088"
"n","30445","ペンチ","20088"
"n","30446","圧着ペンチ","20088"
"n","30447","ラジオペンチ","20088"
"n","30448","ニッパ","20088"
"n","30449","ニッパ電工用","20088"
"n","30450","ニッパ電気・電子用","20088"
"n","30451","ニッパプラスチック用","20088"
"n","30452","ニッパステンレス刃","20088"
"n","30453","ヒートニッパ","20088"
"n","30454","ミニカッター","20089"
"n","30455","ボルトクリッパー","20089"
"n","30456","ねじカッター","20089"
"n","30457","鉄筋カッター","20089"
"n","30458","アングルカッター","20089"
"n","30459","ワイヤカッター","20089"
"n","30460","ハサミ","20089"
"n","30461","カッターナイフ","20089"
"n","30462","特殊用途カッター","20089"
"n","30463","デザインナイフ","20089"
"n","30464","ロータリーカッター","20089"
"n","30465","カッティングマット","20089"
"n","30466","電工ナイフ","20089"
"n","30467","裁断機","20089"
"n","30468","鋸","20089"
"n","30469","板金ハサミ","20090"
"n","30470","板金用工具","20090"
"n","30471","ハンドプレス","20090"
"n","30472","吸着盤","20090"
"n","30473","トグルクランプ","20091"
"n","30474","ハンドバイス","20091"
"n","30475","グリッププライヤー","20091"
"n","30476","シャコ万力","20091"
"n","30477","Ｌ型クランプ","20091"
"n","30478","特殊クランプ","20091"
"n","30479","バイス","20091"
"n","30480","バイス用パーツ","20091"
"n","30481","片手ハンマー","20092"
"n","30482","両口ハンマー","20092"
"n","30483","ショックレスハンマー","20092"
"n","30484","樹脂・ゴムハンマー","20092"
"n","30485","非鉄ハンマー","20092"
"n","30486","ステンレスハンマー","20092"
"n","30487","木ハンマー","20092"
"n","30488","石頭ハンマー","20092"
"n","30489","溶接用ハンマー","20092"
"n","30490","板金ハンマー","20092"
"n","30491","くぎ抜きハンマー","20092"
"n","30492","仮枠ハンマー","20092"
"n","30493","木工作業用ハンマー","20092"
"n","30494","電工ハンマー","20092"
"n","30495","テストハンマー","20092"
"n","30496","クサビ","20092"
"n","30497","グリップテープ","20092"
"n","30498","バール","20092"
"n","30499","タガネ・チゼル","20092"
"n","30500","刻印","20092"
"n","30501","デートマーク","20092"
"n","30502","産業用スタンプ","20092"
"n","30503","ポンチ","20092"
"n","30504","工具セット","20093"
"n","30505","ソケット","20093"
"n","30506","エクステンションバー","20093"
"n","30507","レンチ・スパナ","20093"
"n","30508","ドライバー","20093"
"n","30509","ペンチ・ニッパ・プライヤー","20093"
"n","30510","ハサミ・ナイフ","20093"
"n","30511","切断用工具","20093"
"n","30512","手袋","20093"
"n","30513","シート","20093"
"n","30514","保護服","20093"
"n","30515","工具セット","20150"
"n","30516","ソケット","20150"
"n","30517","レンチ・スパナ","20150"
"n","30518","ドライバー","20150"
"n","30519","六角棒レンチ","20150"
"n","30520","プライヤー","20150"
"n","30521","ペンチ・ニッパ","20150"
"n","30522","ハンマー・ポンチ","20150"
"n","30523","土木作業用品","20150"
"n","30524","タガネ・スクレーパー","20150"
"n","30525","ブラシ・ヤスリ","20150"
"n","30526","車輌整備用工具","20094"
"n","30527","タイヤゲージ","20094"
"n","30528","タイヤチャック","20094"
"n","30529","クーラント・バッテリー補充液","20094"
"n","30530","ワイパー","20094"
"n","30531","洗車用品","20094"
"n","30532","ワックス","20094"
"n","30533","コーティング剤","20094"
"n","30534","コンパウンド","20094"
"n","30535","車輌用塗料","20094"
"n","30536","車輌用補修剤","20094"
"n","30537","グリスガン","20094"
"n","30538","グリスニップル","20094"
"n","30539","グリス注入器","20094"
"n","30540","自動給油器","20094"
"n","30541","ワイヤストリッパー","20095"
"n","30542","圧着工具","20095"
"n","30543","油圧式圧着工具","20095"
"n","30544","ダクトカッター","20095"
"n","30545","ケーブルカッター","20095"
"n","30546","通線用品","20095"
"n","30547","ねじ切り機","20096"
"n","30548","パイプバイス","20096"
"n","30549","ねじ切り機用切削油","20096"
"n","30550","パイプカッター","20096"
"n","30551","チューブカッター","20096"
"n","30552","パイプリーマー","20096"
"n","30553","銅管ブラシ","20096"
"n","30554","チューブベンダー","20096"
"n","30555","フレアリングツール","20096"
"n","30556","パイプレンチ","20096"
"n","30557","チェーンレンチ","20096"
"n","30558","ベルトレンチ","20096"
"n","30559","ウォーターポンププライヤー","20096"
"n","30560","モーターレンチ","20096"
"n","30561","配管用工具","20096"
"n","30562","排水管掃除機","20096"
"n","30563","管内検査用品","20096"
"n","30564","フロン回収用品","20096"
"n","30565","スチール製工具箱","20097"
"n","30566","ステンレス製工具箱","20097"
"n","30567","樹脂製工具箱","20097"
"n","30568","パーツボックス","20097"
"n","30569","パーツケース","20097"
"n","30570","車載用収納箱","20097"
"n","30571","アルミケース","20097"
"n","30572","プロテクターツールケース","20097"
"n","30573","ツールバッグ","20097"
"n","30574","ハイドレーションバッグ","20097"
"n","30575","ツールホルダ","20097"
"n","30576","インパクトレンチ","20098"
"n","30577","シャーレンチ","20098"
"n","30578","インパクトドライバー","20098"
"n","30579","電動ドライバー","20098"
"n","30580","ツールバランサー","20098"
"n","30581","ドリルドライバー","20098"
"n","30582","電気ドリル","20098"
"n","30583","ハンマードリル","20098"
"n","30584","ドリルチャック","20098"
"n","30585","コンクリートハンマー","20098"
"n","30586","磁気ボール盤","20098"
"n","30587","コアドリル","20098"
"n","30588","パンチャー","20098"
"n","30589","ディスクグラインダー","20098"
"n","30590","カーボンブラシ","20098"
"n","30591","高周波グラインダー","20098"
"n","30592","ストレートグラインダー","20098"
"n","30593","マイクログラインダー","20098"
"n","30594","超音波カッター","20098"
"n","30595","黒皮・面取り機","20098"
"n","30596","用途別研磨機","20098"
"n","30597","ベルト研磨機","20098"
"n","30598","ジグソー・レシプロソー","20098"
"n","30599","バンドソー","20098"
"n","30600","小型切断機","20098"
"n","30601","鉄筋加工機","20098"
"n","30602","パイプベンダー","20098"
"n","30603","アングル加工機","20098"
"n","30604","油圧プレス・油圧ジャッキ","20098"
"n","30605","エアインパクトレンチ","20099"
"n","30606","エアラチェットレンチ","20099"
"n","30607","エアドライバー","20099"
"n","30608","エアドリル","20099"
"n","30609","エアマイクログラインダー","20099"
"n","30610","エアグラインダー","20099"
"n","30611","エアヤスリ","20099"
"n","30612","エアサンダー","20099"
"n","30613","エアベルトサンダー","20099"
"n","30614","エアタガネ","20099"
"n","30615","エアハンマー","20099"
"n","30616","エアソー","20099"
"n","30617","エアベベラー","20099"
"n","30618","エアニッパ","20099"
"n","30619","エアダスター","20099"
"n","30620","エアガン","20099"
"n","30621","エアブラストマシン","20099"
"n","30622","両頭ビット","20100"
"n","30623","片頭ビット","20100"
"n","30624","トーションビット","20100"
"n","30625","小型精密用ビット","20100"
"n","30626","特定用途用ビット","20100"
"n","30627","ビット用アタッチメント","20100"
"n","30628","切断砥石","20101"
"n","30629","チップソー","20101"
"n","30630","ダイヤモンドカッター","20101"
"n","30631","メタルソー","20101"
"n","30632","バンドソー","20101"
"n","30633","マシンソー","20101"
"n","30635","セーバーソーブレード","20101"
"n","30636","エアソーブレード","20101"
"n","30637","ジグソーブレード","20101"
"n","30638","研削砥石","20102"
"n","30639","ディスクペーパー","20102"
"n","30640","ナイロンディスク","20102"
"n","30641","ウレタンディスク","20102"
"n","30642","フェルトディスク","20102"
"n","30643","ダイヤモンドホイール","20102"
"n","30644","グラインダー用研磨材","20102"
"n","30645","フラップ軸付ホイール","20102"
"n","30646","ナイロン軸付ホイール","20102"
"n","30647","フェルト軸付ホイール","20102"
"n","30648","研磨バンド","20102"
"n","30649","軸付砥石","20102"
"n","30650","超硬バー","20102"
"n","30651","ダイヤモンドバー","20102"
"n","30652","ＣＢＮバー","20102"
"n","30653","ヤスリ","20102"
"n","30654","ダイヤモンドヤスリ","20102"
"n","30655","砥石","20102"
"n","30656","みがき剤","20102"
"n","30657","シート研磨材","20102"
"n","30658","ベルト研磨材","20102"
"n","30659","カップブラシ","20102"
"n","30660","軸付ブラシ","20102"
"n","30661","ハンドブラシ","20102"
"n","30662","一眼型保護メガネ","20103"
"n","30663","二眼型保護メガネ","20103"
"n","30664","レーザー用保護メガネ","20103"
"n","30665","ゴーグル型保護メガネ","20103"
"n","30666","サングラス","20103"
"n","30667","メガネ用品","20103"
"n","30668","防災面","20103"
"n","30669","ヘルメット","20103"
"n","30670","ヘルメット関連用品","20103"
"n","30671","軽作業帽","20103"
"n","30672","耳栓","20103"
"n","30673","イヤーマフ","20103"
"n","30674","防毒マスク","20103"
"n","30675","取替式防じんマスク","20103"
"n","30676","電動ファン付呼吸用保護具","20103"
"n","30677","使い捨て式防じんマスク","20103"
"n","30678","一般作業用マスク","20103"
"n","30679","保護服","20103"
"n","30680","食品工場向けウェア","20103"
"n","30681","フード","20103"
"n","30682","エプロン","20103"
"n","30683","腕・足・シューズカバー","20103"
"n","30684","耐熱・耐切創保護具","20103"
"n","30685","作業服","20103"
"n","30686","雨具","20103"
"n","30687","安全ベスト","20103"
"n","30688","腕章","20103"
"n","30689","サポーター","20103"
"n","30690","軍手","20104"
"n","30691","すべり止め手袋","20104"
"n","30692","すべり止め背抜き手袋","20104"
"n","30693","スムス手袋","20104"
"n","30694","下履き・インナー手袋","20104"
"n","30695","静電気防止手袋","20104"
"n","30696","ビニール手袋","20104"
"n","30697","天然ゴム手袋","20104"
"n","30698","ニトリルゴム手袋","20104"
"n","30699","腕カバー付手袋","20104"
"n","30700","耐薬品・耐溶剤手袋","20104"
"n","30701","使い捨て手袋","20104"
"n","30702","指サック","20104"
"n","30703","革手袋","20104"
"n","30704","合成皮革・人工皮革手袋","20104"
"n","30705","防振手袋","20104"
"n","30706","タクティカルグローブ","20104"
"n","30707","耐切創手袋","20104"
"n","30708","耐熱・防寒手袋","20104"
"n","30709","絶縁手袋","20104"
"n","30710","安全靴","20105"
"n","30711","静電安全靴","20105"
"n","30712","プロテクティブスニーカー","20105"
"n","30713","静電プロテクティブスニーカー","20105"
"n","30714","作業靴","20105"
"n","30715","静電作業靴","20105"
"n","30716","食品用作業靴","20105"
"n","30717","タクティカルブーツ","20105"
"n","30718","安全長靴","20105"
"n","30719","長靴","20105"
"n","30720","胴付長靴","20105"
"n","30721","スリッパ","20105"
"n","30722","中敷","20105"
"n","30723","靴ひも","20105"
"n","30724","靴下","20105"
"n","30725","甲プロテクター","20105"
"n","30726","靴関連用品","20105"
"n","30727","靴底洗浄機","20105"
"n","30728","ハーネス型安全帯","20106"
"n","30729","ハーネス用ランヤード","20106"
"n","30730","ハーネス用アクセサリー","20106"
"n","30731","安全帯","20106"
"n","30732","ランヤード","20106"
"n","30733","胴ベルト","20106"
"n","30734","サポーターベルト","20106"
"n","30735","安全帯用アクセサリー","20106"
"n","30736","柱上安全帯","20106"
"n","30737","用途別安全帯・安全器具","20106"
"n","30738","墜落防止ブロック","20106"
"n","30739","カラビナ","20106"
"n","30740","安全ロープ","20106"
"n","30741","ツールホルダ","20106"
"n","30742","安全コーン","20107"
"n","30743","プラチェーン","20107"
"n","30744","チェーンスタンド","20107"
"n","30745","工事用フェンス","20107"
"n","30746","敷板","20107"
"n","30747","工事灯","20107"
"n","30748","安全クッション","20107"
"n","30749","安全ミラー","20107"
"n","30750","トランシーバー","20107"
"n","30751","拡声器","20107"
"n","30752","安全掲示板","20108"
"n","30753","安全標識","20108"
"n","30754","路面標示","20108"
"n","30755","非常用標識","20108"
"n","30756","標示旗","20108"
"n","30757","標示スタンド","20108"
"n","30758","サインプレート","20108"
"n","30759","避難用品","20109"
"n","30760","蓄電池","20109"
"n","30761","ライフライン対策用品","20109"
"n","30762","救助用品","20109"
"n","30763","復旧用品","20109"
"n","30764","災害用保管庫","20109"
"n","30765","転倒防止用品","20109"
"n","30766","消火器","20109"
"n","30767","金庫","20109"
"n","30768","防犯用センサーライト","20109"
"n","30769","防犯用カメラ","20109"
"n","30770","警報器","20109"
"n","30771","金属探知機","20109"
"n","30772","防犯対策用品","20109"
"n","30773","梱包用テープ","20110"
"n","30774","事務用テープ","20110"
"n","30775","テープカッター","20110"
"n","30776","バッグシーラー","20110"
"n","30777","仮止め・結束テープ","20110"
"n","30778","養生テープ","20110"
"n","30779","マスキングテープ","20110"
"n","30780","汎用両面テープ","20110"
"n","30781","強力両面テープ","20110"
"n","30782","工業用両面テープ","20110"
"n","30783","絶縁テープ","20110"
"n","30784","導電性テープ","20110"
"n","30785","シールテープ","20110"
"n","30786","配管テープ","20110"
"n","30787","補修テープ","20110"
"n","30788","気密防水テープ","20110"
"n","30789","すきまテープ","20110"
"n","30790","保護テープ","20110"
"n","30791","すべり止めテープ","20110"
"n","30792","ラインテープ","20110"
"n","30793","反射テープ","20110"
"n","30794","蓄光テープ","20110"
"n","30795","安全表示テープ","20110"
"n","30796","セキュリティーテープ","20110"
"n","30797","梱包機","20111"
"n","30798","荷造機・封かん機","20111"
"n","30799","ＰＰバンド","20111"
"n","30800","ポリ袋","20111"
"n","30801","緩衝材","20111"
"n","30802","梱包シート","20111"
"n","30803","ストレッチフィルム","20111"
"n","30804","ストレッチフィルム包装機","20111"
"n","30805","シーラー","20111"
"n","30806","ラベラー","20111"
"n","30807","結束バンド","20111"
"n","30808","ひも","20111"
"n","30809","タグガン","20111"
"n","30810","小型結束機","20111"
"n","30811","ゴムバンド","20111"
"n","30812","ダンボール","20111"
"n","30813","開梱用カッター","20111"
"n","30814","荷札","20111"
"n","30815","ブルーシート","20112"
"n","30816","カラーシート","20112"
"n","30817","ＵＶシート","20112"
"n","30818","糸入りシート","20112"
"n","30819","防炎シート","20112"
"n","30821","トラックシート","20112"
"n","30822","シート補修材","20112"
"n","30823","養生シート","20112"
"n","30824","防護ネット","20112"
"n","30825","ロープ","20112"
"n","30826","トラックロープ","20112"
"n","30827","標識ロープ","20112"
"n","30828","バルブ","20113"
"n","30829","ねじ込み管継手","20113"
"n","30830","高圧継手","20113"
"n","30831","溶接継手","20113"
"n","30832","フランジ","20113"
"n","30833","フレキシブルメタルホース","20113"
"n","30834","小径配管継手","20113"
"n","30835","サニタリー配管継手","20113"
"n","30836","塩ビパイプ","20113"
"n","30837","塩ビ管継手","20113"
"n","30838","塩ビバルブ","20113"
"n","30839","水道配管資材","20113"
"n","30840","配管補修用品","20113"
"n","30841","配管支持金具","20113"
"n","30842","配管保護資材","20113"
"n","30843","空調資材","20113"
"n","30844","バルブ・配管識別用品","20113"
"n","30845","スプレーノズル","20113"
"n","30846","水中ポンプ","20114"
"n","30847","陸上ポンプ","20114"
"n","30848","エンジンポンプ","20114"
"n","30849","テストポンプ","20114"
"n","30850","クーラントポンプ","20114"
"n","30851","真空ポンプ","20114"
"n","30852","給油ポンプ","20114"
"n","30853","ドラム缶用ポンプ","20114"
"n","30854","ペール缶用ポンプ","20114"
"n","30855","ホース配管接続用ポンプ","20114"
"n","30856","ダイヤフラムポンプ","20114"
"n","30857","ガソリン発電機","20115"
"n","30858","ガス発電機","20115"
"n","30859","ディーゼル発電機","20115"
"n","30860","電気溶接機","20116"
"n","30861","エンジン溶接機","20116"
"n","30862","スポット溶接機","20116"
"n","30863","プラズマ切断機","20116"
"n","30864","溶接テーブル","20116"
"n","30866","電気溶接用品","20116"
"n","30867","焼け取り用品","20116"
"n","30868","ガストーチ","20116"
"n","30869","ガスバーナー","20116"
"n","30870","ガス溶断用品","20116"
"n","30871","ガス調整器","20116"
"n","30872","ロウ付用品","20116"
"n","30873","溶接面","20116"
"n","30874","遮光メガネ","20116"
"n","30875","溶接用保護具","20116"
"n","30876","スパッタシート","20116"
"n","30877","溶接遮光フェンス","20116"
"n","30878","工業用マーカー","20116"
"n","30879","土砂運搬機","20117"
"n","30880","コンクリート施工機器","20117"
"n","30881","ツルハシ・レーキ","20117"
"n","30882","左官用品","20117"
"n","30883","プロパンバーナー","20117"
"n","30884","ショベル","20117"
"n","30885","大工道具","20117"
"n","30886","鋸","20117"
"n","30887","釘打機","20117"
"n","30888","コンベックス","20118"
"n","30889","巻尺","20118"
"n","30890","ローラー距離計","20118"
"n","30891","レーザー距離計","20118"
"n","30892","下地材探知器","20118"
"n","30893","標尺","20118"
"n","30894","クラックスケール","20118"
"n","30895","水平器","20118"
"n","30896","勾配計","20118"
"n","30898","オートレベル","20118"
"n","30899","セオドライト","20118"
"n","30900","下げ振り","20118"
"n","30901","墨つぼ・チョークリール","20118"
"n","30902","建築用筆記具","20118"
"n","30903","黒板","20118"
"n","30904","測量用標示具","20118"
"n","30905","スプレーガン","20119"
"n","30906","エアブラシ","20119"
"n","30907","自動スプレーガン","20119"
"n","30908","加圧タンク","20119"
"n","30909","塗装機","20119"
"n","30910","塗料","20119"
"n","30911","マーキングプレート","20119"
"n","30912","刷毛","20119"
"n","30913","ペイントローラー","20119"
"n","30914","へら・スクレーパー","20119"
"n","30915","内装用ローラー","20119"
"n","30916","マスカー","20119"
"n","30917","塗装用養生シート","20119"
"n","30918","コードリール１００Ｖ","20120"
"n","30919","コードリールブレーカー付","20120"
"n","30920","コードリール感知機能付","20120"
"n","30921","コードリール防雨型","20120"
"n","30922","コードリール逆配電型","20120"
"n","30923","コードリール２００Ｖ","20120"
"n","30924","電源リール","20120"
"n","30925","アースリール","20120"
"n","30926","変圧器（トランス）","20120"
"n","30927","延長コード","20120"
"n","30928","投光器","20121"
"n","30929","作業灯","20121"
"n","30930","連結式ライト","20121"
"n","30931","装置照明","20121"
"n","30932","電気スタンド","20121"
"n","30933","マグネット電気スタンド","20121"
"n","30934","照明器具","20121"
"n","30935","ＬＥＤ電球","20121"
"n","30936","電球","20121"
"n","30937","直管形ランプ","20121"
"n","30938","リング形ランプ","20121"
"n","30939","蛍光灯飛散防止チューブ","20121"
"n","30940","懐中電灯","20121"
"n","30941","ヘッドライト","20121"
"n","30942","ランタン","20121"
"n","30943","はしご","20122"
"n","30944","脚立","20122"
"n","30945","作業用踏台","20122"
"n","30946","折りたたみ式作業用踏台","20122"
"n","30947","足場台","20122"
"n","30948","荷役用作業台","20122"
"n","30949","高所作業台","20122"
"n","30950","高所作業リフト","20122"
"n","30951","足場板","20122"
"n","30952","単管・足場用品","20122"
"n","30953","アルミブリッジ","20122"
"n","30954","手動チェンブロック","20123"
"n","30955","電気チェンブロック","20123"
"n","30956","トロリー・吊り金具","20123"
"n","30957","レバーホイスト","20123"
"n","30958","ホイスト","20123"
"n","30959","バランサー","20123"
"n","30960","ジブクレーン","20123"
"n","30961","門型クレーン","20123"
"n","30962","天井クレーン","20123"
"n","30963","吊りクランプ","20124"
"n","30964","チェーンスリング","20124"
"n","30965","アイボルト","20124"
"n","30966","フック","20124"
"n","30967","シャックル","20124"
"n","30968","滑車","20124"
"n","30969","モッコ","20124"
"n","30970","ワイヤロープスリング","20124"
"n","30971","ベルトスリング","20124"
"n","30972","ラウンドスリング","20124"
"n","30973","荷締機","20124"
"n","30974","トラックレール","20124"
"n","30975","エアラインレール","20124"
"n","30976","ウインチ（電動式）","20125"
"n","30977","ウインチ（手動式）","20125"
"n","30978","運搬用コロ車","20125"
"n","30979","油圧ジャッキ","20125"
"n","30980","建築用・車輌用ジャッキ","20125"
"n","30981","ポンプ式ジャッキ","20125"
"n","30982","軽量棚","20126"
"n","30983","中量棚","20126"
"n","30984","軽中量棚","20126"
"n","30985","落下・転倒防止用品","20126"
"n","30986","重量棚","20126"
"n","30987","ステンレス棚","20126"
"n","30988","パイプ棚","20126"
"n","30989","メッシュ棚","20126"
"n","30990","プラスチック棚","20126"
"n","30991","金型収納ラック","20126"
"n","30992","長尺物保管棚","20126"
"n","30993","書架","20126"
"n","30994","用途別ラック","20126"
"n","30995","パレットラック","20126"
"n","30996","軽量作業台","20127"
"n","30997","中量作業台","20127"
"n","30998","重量作業台","20127"
"n","30999","作業台オプション","20127"
"n","31000","マット張作業台","20127"
"n","31001","折りたたみ式作業台","20127"
"n","31002","小型作業台","20127"
"n","31003","大型作業台","20127"
"n","31004","昇降式作業台","20127"
"n","31005","回転台","20127"
"n","31006","ステンレス作業台","20127"
"n","31007","一般作業台","20127"
"n","31008","ライン作業台","20127"
"n","31009","パイプシステム式作業台","20127"
"n","31010","スチール製ワゴン（ボルトレスタイプ）","20128"
"n","31011","スチール製ワゴン（ボルトタイプ）","20128"
"n","31012","スチール製ワゴン（溶接一体構造）","20128"
"n","31013","スチール製ワゴン（キャビネットタイプ）","20128"
"n","31014","スチール製ワゴン（大型タイプ）","20128"
"n","31015","ツーリングワゴン","20128"
"n","31016","ステンレス製ワゴン（ボルトレスタイプ）","20128"
"n","31017","ステンレス製ワゴン（ボルトタイプ）","20128"
"n","31018","ステンレス製ワゴン（溶接一体構造）","20128"
"n","31019","樹脂製ワゴン","20128"
"n","31020","簡易カート","20128"
"n","31021","工場用システム保管庫","20129"
"n","31022","保管庫","20129"
"n","31023","大型パーツケース","20129"
"n","31024","小型パーツケース","20129"
"n","31025","キャビネット","20129"
"n","31026","パネルラック","20129"
"n","31027","コンテナラック","20129"
"n","31028","ツールホルダー","20129"
"n","31029","ツーリングラック","20129"
"n","31030","陳列機器","20129"
"n","31031","ショーケース","20129"
"n","31032","樹脂製運搬車","20130"
"n","31033","プレス製運搬車","20130"
"n","31034","長尺物運搬車","20130"
"n","31035","電動台車","20130"
"n","31036","鋼鉄製運搬車","20130"
"n","31037","ステンレス製運搬車","20130"
"n","31038","アルミ製運搬車","20130"
"n","31039","コンテナ台車","20130"
"n","31040","パレット台車","20130"
"n","31041","平台車","20130"
"n","31042","合板製運搬車","20130"
"n","31043","静電気対策運搬車","20130"
"n","31044","カゴ車","20130"
"n","31045","店舗用運搬車","20130"
"n","31046","運搬車用オプション品","20130"
"n","31047","運搬車","20131"
"n","31048","トレーラー","20131"
"n","31049","運搬用コロ車","20131"
"n","31050","二輪運搬車","20131"
"n","31051","ボンベ運搬車","20131"
"n","31052","ドラム缶運搬車","20131"
"n","31053","廃棄物運搬車","20131"
"n","31054","一輪車","20131"
"n","31055","リヤカー","20131"
"n","31056","自転車","20131"
"n","31057","車いす","20131"
"n","31058","ハンドリフター","20132"
"n","31059","フォーク式リフター","20132"
"n","31060","ジブリフト","20132"
"n","31061","反転リフト","20132"
"n","31062","フォークリフト","20132"
"n","31063","テーブルリフト","20132"
"n","31064","ハンドパレットトラック","20132"
"n","31065","荷揚げ機","20132"
"n","31066","スチールローラーコンベヤ","20133"
"n","31067","ステンレスローラーコンベヤ","20133"
"n","31068","アルミローラーコンベヤ","20133"
"n","31069","樹脂ローラーコンベヤ","20133"
"n","31070","ホイールコンベヤ","20133"
"n","31071","ボールキャスターユニット","20133"
"n","31072","上向用ボールキャスター","20133"
"n","31073","下向用ボールキャスター","20133"
"n","31074","クリーンルーム用ボールキャスター","20133"
"n","31075","特殊ボールキャスター","20133"
"n","31076","モータープーリ・モーターローラー","20133"
"n","31077","バラ物用ベルトコンベヤ","20133"
"n","31078","ミニベルトコンベヤ","20133"
"n","31079","折りたたみコンテナ","20134"
"n","31080","ダンボールプラスチックコンテナ","20134"
"n","31081","パーツボックス","20134"
"n","31082","ボックス型コンテナ","20134"
"n","31083","導電性コンテナ","20134"
"n","31084","食品用コンテナ","20134"
"n","31085","メッシュコンテナ","20134"
"n","31086","パレット","20134"
"n","31087","パレットボックス","20134"
"n","31088","パレット回転台","20134"
"n","31089","パレットカバー","20134"
"n","31090","ネスティングラック","20134"
"n","31091","メッシュパレット","20134"
"n","31092","角槽","20134"
"n","31093","丸槽","20134"
"n","31094","タンク","20134"
"n","31095","コンテナバッグ","20134"
"n","31096","道具箱","20135"
"n","31097","収納ケース","20135"
"n","31098","チェスト","20135"
"n","31099","収納ボックス","20135"
"n","31100","ワゴン・ラック","20135"
"n","31101","ビン","20136"
"n","31102","ポリ缶","20136"
"n","31103","オイラー・オイルジョッキ","20136"
"n","31104","スプレー容器","20136"
"n","31105","洗浄瓶","20136"
"n","31106","パーツケース","20136"
"n","31107","切削工具ケース","20136"
"n","31108","食品用容器","20136"
"n","31109","バット・ボール","20136"
"n","31110","ザル・カゴ","20136"
"n","31111","スチール容器","20136"
"n","31112","ステンレスタンク","20136"
"n","31113","ペール缶","20136"
"n","31114","ドラム缶","20136"
"n","31115","ビーカー","20137"
"n","31116","計量カップ","20137"
"n","31117","メスシリンダー","20137"
"n","31118","試験管","20137"
"n","31119","栓","20137"
"n","31120","ロート・シャーレ","20137"
"n","31121","分注器","20137"
"n","31122","実験用器具","20137"
"n","31123","実験用スタンド","20137"
"n","31124","ラボジャッキ","20137"
"n","31125","特殊チューブ","20137"
"n","31126","特殊継手","20137"
"n","31127","綿棒","20137"
"n","31128","クリーンルーム用ウエス","20137"
"n","31129","クリーンルーム用ウェア","20137"
"n","31130","白衣","20137"
"n","31131","ステンレスハンガー","20137"
"n","31132","クリーンルーム用フード","20137"
"n","31133","クリーンルーム用マスク・メガネ","20137"
"n","31134","クリーンルーム用手袋","20137"
"n","31135","クリーンルーム用シューズ","20137"
"n","31136","クリーンルーム用保護カバー","20137"
"n","31137","クリーンルーム用事務備品","20137"
"n","31138","クリーンルーム用チェア","20137"
"n","31139","クリーンルーム用ワゴン","20137"
"n","31140","クリーンブース","20137"
"n","31141","エアシャワー","20137"
"n","31142","恒温器","20138"
"n","31143","冷却器","20138"
"n","31144","乾燥器","20138"
"n","31145","電気炉","20138"
"n","31146","冷凍・冷蔵機器","20138"
"n","31147","粉砕機器","20138"
"n","31148","かくはん機・ふるい","20138"
"n","31149","純水装置","20138"
"n","31150","冷却水循環装置","20138"
"n","31151","送液機器","20138"
"n","31152","超音波洗浄機","20138"
"n","31153","超音波発振機・振動子","20138"
"n","31154","デシケーター","20138"
"n","31155","インキュベータ","20138"
"n","31156","保管庫","20138"
"n","31157","流し台","20138"
"n","31158","実験台","20138"
"n","31159","研究用設備","20138"
"n","31160","掃除機","20139"
"n","31161","ブロワ","20139"
"n","31162","高圧洗浄機","20139"
"n","31163","スチーム洗浄機","20139"
"n","31164","スイーパー","20139"
"n","31165","床洗浄機","20139"
"n","31166","ポリッシャー","20139"
"n","31192","玄関マット","20140"
"n","31193","通路マット","20140"
"n","31194","カーペット","20140"
"n","31195","吸油・吸水マット","20140"
"n","31196","疲労軽減マット","20140"
"n","31197","ノンスリップマット","20140"
"n","31198","クリーンマット","20140"
"n","31199","スノコ","20140"
"n","31200","人工芝","20140"
"n","31201","洗剤・クリーナー","20141"
"n","31202","ハンドソープ","20141"
"n","31204","手指消毒用品","20141"
"n","31205","除菌衛生用品","20141"
"n","31206","うがい薬・うがい器","20141"
"n","31207","シャワー・洗眼器","20141"
"n","31208","オゾン水生成器","20141"
"n","31209","食器・厨房機器洗剤","20141"
"n","31210","除菌・漂白剤","20141"
"n","31211","食品衛生用品","20141"
"n","31212","ハンドドライヤー","20141"
"n","31213","ペーパータオル","20141"
"n","31214","トイレ用品","20141"
"n","31215","消臭剤","20141"
"n","31216","アルコールチェッカー","20141"
"n","31217","体組成計・体重計","20141"
"n","31218","身長計","20141"
"n","31219","ライフケア用品","20141"
"n","31220","スポットエアコン","20142"
"n","31221","冷風機","20142"
"n","31222","工場扇","20142"
"n","31223","サーキュレーター","20142"
"n","31224","加湿器","20142"
"n","31225","乾燥機・除湿機","20142"
"n","31226","空気清浄機","20142"
"n","31227","脱臭器","20142"
"n","31228","ミストファン","20142"
"n","31229","噴霧システム","20142"
"n","31230","ウォータークーラー","20142"
"n","31231","暖房用品","20142"
"n","31232","遮熱塗料","20142"
"n","31233","窓用フィルム","20142"
"n","31234","日よけ用品","20142"
"n","31235","暑さ対策用品","20142"
"n","31236","寒さ対策用品","20142"
"n","31237","雪対策用品","20142"
"n","31238","集じん機","20143"
"n","31239","オイルミスト除去装置","20143"
"n","31240","油水分離機","20143"
"n","31241","送風機","20143"
"n","31242","換気扇","20143"
"n","31243","圧縮減容機","20143"
"n","31244","焼却炉","20143"
"n","31245","ボイラ","20143"
"n","31246","ソーラーパネルシステム","20143"
"n","31247","ホース","20144"
"n","31248","サクションホース","20144"
"n","31249","ゴムホース","20144"
"n","31250","ホースバンド","20144"
"n","31251","ホースリール","20144"
"n","31252","ホースノズル","20144"
"n","31253","ホース器具","20144"
"n","31254","散水用品","20144"
"n","31255","じょうろ・水さし","20144"
"n","31256","雨水タンク","20144"
"n","31257","高枝切りハサミ","20145"
"n","31258","刈込ハサミ","20145"
"n","31259","剪定ハサミ","20145"
"n","31260","鎌","20145"
"n","31261","鍬","20145"
"n","31262","草削","20145"
"n","31263","鋸","20145"
"n","31264","斧・鉈","20145"
"n","31265","レーキ・ホーク","20145"
"n","31266","草焼バーナー","20145"
"n","31267","刈払機","20145"
"n","31268","ヘッジトリマー","20145"
"n","31269","芝刈機","20145"
"n","31270","チェーンソー","20145"
"n","31271","噴霧器","20145"
"n","31272","園芸用品","20145"
"n","31273","防草シート","20145"
"n","31274","捕虫器","20146"
"n","31275","防虫・殺虫用品","20146"
"n","31276","防獣用品","20146"
"n","31277","デスクシステム","20147"
"n","31278","パソコンデスク","20147"
"n","31279","会議用テーブル","20147"
"n","31280","食堂用テーブル","20147"
"n","31281","オフィスチェア","20147"
"n","31282","会議用チェア","20147"
"n","31283","作業用チェア","20147"
"n","31284","導電性チェア","20147"
"n","31285","ロビーチェア・ベンチ","20147"
"n","31286","傘立て","20147"
"n","31287","応接セット","20147"
"n","31288","パーテーション","20147"
"n","31289","書庫","20147"
"n","31290","カタログケース","20147"
"n","31291","マップケース","20147"
"n","31292","レターケース","20147"
"n","31293","パンフレットスタンド","20147"
"n","31294","ファイリングキャビネット","20147"
"n","31295","ファイルワゴン","20147"
"n","31296","ロッカー","20147"
"n","31297","シューズボックス","20147"
"n","31298","メールボックス","20147"
"n","31299","キーボックス","20147"
"n","31300","システムキッチン","20147"
"n","31301","文具","20148"
"n","31302","ふせん・インデックス","20148"
"n","31303","ファイル","20148"
"n","31304","電子文具","20148"
"n","31305","パンチ・ホッチキス","20148"
"n","31306","名札","20148"
"n","31307","電池","20148"
"n","31308","電卓","20148"
"n","31309","チェックライター","20148"
"n","31310","タイムレコーダー","20148"
"n","31311","掛時計","20148"
"n","31312","ラベル用品","20148"
"n","31313","ラミネーター","20148"
"n","31314","シュレッダー","20148"
"n","31315","ＯＡサプライ","20148"
"n","31316","ＯＡタップ","20148"
"n","31317","ワイヤレスコールシステム","20148"
"n","31318","プロジェクター","20148"
"n","31319","電子黒板","20148"
"n","31320","オフィスボード","20148"
"n","31321","掲示板","20148"
"n","31322","マグネット","20148"
"n","31323","クリップ・フック","20148"
"n","31324","福利厚生関連用品","20148"
"n","31325","テレフォンスタンド","20148"
"n","31326","デスクマット","20148"
"n","31327","物置","20149"
"n","31328","ハウス","20149"
"n","31329","危険物保管庫","20149"
"n","31330","トイレユニット","20149"
"n","31331","ガレージ・カーポート","20149"
"n","31332","車止め","20149"
"n","31333","段差プレート","20149"
"n","31334","ガードポール","20149"
"n","31335","グレーチング","20149"
"n","31336","自転車置場","20149"
"n","31337","集会用テント","20149"
"n","31338","カーテンレール","20149"
"n","31339","間仕切り","20149"
"n","31340","株式会社コシイプレザービング","10033"
"n","31341","トーヨーマテリア株式会社","10033"
"n","31342","玄々化学工業株式会社","10033"
"n","31343","大阪塗料工業株式会社","10033"
"n","31344","日本キヌカ株式会社","10033"
"n","31346","スクリューコンプレッサー","31345"
"n","31347","レシプロコンプレッサー","31345"
"n","31348","ハンディタイプコンプレッサー","31345"
"n","31349","スクロールコンプレッサー","31345"
"n","31350","窒素ガス発生装置","31345"
"n","31351","コンプレッサー周辺機器","31345"
"n","31352","ドレン油水分離装置","31345"
"n","31353","配管用フィルター","20070"
"n","31354","空調用フィルター","20070"
"n","31355","集じん機用フィルター","20070"
"n","31356","工作機械用フィルター","20070"
"n","31358","六角ボルト","31357"
"n","31359","六角穴付ボルト","31357"
"n","31361","金属系アンカー","31360"
"n","31362","蝶ボルト・化粧ビス","31357"
"n","31363","六角穴付止めねじ","31357"
"n","31365","ステーション型はんだこて","31364"
"n","31366","電気はんだこて","31364"
"n","31367","コードレスはんだこて","31364"
"n","31368","はんだ","31364"
"n","31369","はんだ用品","31364"
"n","31370","はんだ除去器","31364"
"n","31372","除電機","31371"
"n","31373","静電気測定器","31371"
"n","31374","導電性異物除去具","31371"
"n","31375","除電ブラシ","31371"
"n","31376","リスト・フットストラップ","31371"
"n","31377","静電気対策接地用品","31371"
"n","31378","静電気対策袋","31371"
"n","31379","静電気対策テープ","31371"
"n","31380","静電気対策シート・マット","31371"
"n","31381","導電性容器","31371"
"n","31382","静電気除去具","31371"
"n","31383","静電気対策手袋","31371"
"n","31384","ピンセット","31371"
"n","31385","ナット","31357"
"n","31386","接着系アンカー","31360"
"n","31387","アンカー施工工具","31360"
"n","31388","アンカー非破壊試験機","31360"
"n","31389","プラグレスアンカー","31360"
"n","31390","ＡＬＣ用アンカー","31360"
"n","31391","ボードアンカー","31360"
"n","31392","中空壁用アンカー","31360"
"n","31393","建材用ハンガー","31360"
"n","31394","ネイルプラグ","31360"
"n","31396","コネクタ","31395"
"n","31397","プラグ","31360"
"n","31398","ブラインドリベット","31360"
"n","31400","接続端子","31399"
"n","31401","ヒューズホルダ","31395"
"n","31402","端子台","31395"
"n","31403","カメラリンクケーブル","31395"
"n","31404","光ファイバーケーブル資材","31395"
"n","31405","基板用品","31395"
"n","31406","エアダスター・急冷剤","31395"
"n","31407","スイッチ","31395"
"n","31408","タイマー","31395"
"n","31409","冷却ファン","31395"
"n","31410","電源装置","31395"
"n","31411","避雷器","31395"
"n","31412","ブレーカー","31395"
"n","31413","変圧器","31395"
"n","31414","表示灯","31395"
"n","31415","リベッター","31360"
"n","31416","モニター取付アーム","31395"
"n","31417","クリップ・テストリード","31399"
"n","31418","モジュラージャック","31399"
"n","31419","ＬＡＮケーブル","31399"
"n","31420","電線","31399"
"n","31421","プラグ・コンセント","31399"
"n","31422","スイッチ","31399"
"n","31423","配線システム","31399"
"n","31424","ケーブルカバー","31399"
"n","31425","ケーブルタイ","31399"
"n","31426","結束工具","31399"
"n","31427","ケーブル固定具","31399"
"n","31428","収縮チューブ","31399"
"n","31429","電線保護資材","31399"
"n","31430","配電盤・筐体","31399"
"n","31431","カードホルダ・銘板","31399"
"n","31432","電線用ラベル","31399"
"n","31433","防爆構造継手","31399"
"n","31434","メタルファスナー","31360"
"n","31435","ブラインドナット","31360"
"n","31436","インバーター","31395"
"n","31437","ナッター","31360"
"n","31438","ハトメ・ハトメパンチ","31360"
"n","31439","ワッシャー","31357"
"n","31440","小ねじ","31357"
"n","31441","タッピングねじ","31357"
"n","31442","ドリルねじ","31357"
"n","31443","釘","31357"
"n","31444","ねじ用キャップ","31357"
"n","31446","洗剤・クリーナー","31445"
"n","31447","床用洗剤","31445"
"n","31448","ワックス","31445"
"n","31449","はく離剤","31445"
"n","31450","洗濯機","31445"
"n","31451","洗濯洗剤","31445"
"n","31452","物干し","31445"
"n","31453","洗濯用品","31445"
"n","31454","ほうき・チリトリ","31445"
"n","31455","ゴミはさみ・溝さらえ","31445"
"n","31456","デッキブラシ","31445"
"n","31457","ドライワイパー","31445"
"n","31458","モップ","31445"
"n","31459","ＨＡＣＣＰ対応そうじ用品","31445"
"n","31460","粘着ローラークリーナー","31445"
"n","31461","たわし","31445"
"n","31462","スポンジ","31445"
"n","31463","ハンドブラシ","31445"
"n","31464","そうじ用具保管","31445"
"n","31465","ウエス","31445"
"n","31466","吸収材","31445"
"n","31467","バケツ","31445"
"n","31468","ゴミ箱","31445"
"n","31469","ゴミ袋","31445"
"n","31470","灰皿","31445"
"n","31471","関西ペイントマリン株式会社","10033"
"n","31472","Graffito S.A.","10033"
"n","31473","工事用件名板","Root"
"n","31474","ideapaint","10033"
"n","31475","工事立看板","Root"
"n","31478","工事用件名板","31477"
"n","31479","工事立看板","31477"
"n","31480","看板用オプション","31477"
"n","31482","ケミプロ化成株式会社","10033"
"n","31483","株式会社タイセイ","10033"
"n","31484","株式会社吉田製油所","10033"
"n","31485","大同塗料株式会社","10033"
"n","31488","ＦＡＸ用紙・記録紙","31487"
"n","31489","ＯＡエアダスター","31487"
"n","31490","ＯＡタップ","31487"
"n","31491","ＯＡフィルター","31487"
"n","31492","ＶＲグラス","31487"
"n","31493","インク","31487"
"n","31494","クリーナー","31487"
"n","31495","ケーブル","31487"
"n","31496","スクリーン","31487"
"n","31497","セキュリティ器具","31487"
"n","31498","バッグ","31487"
"n","31499","ハンディスキャナ","31487"
"n","31500","プロジェクター","31487"
"n","31501","ボード","31487"
"n","31502","マウス","31487"
"n","31503","メモリ","31487"
"n","31504","レーザーポインター","31487"
"n","31505","周辺機器","31487"
"n","31506","電子黒板","31487"
"n","31534","インテリアブラインド","31533"
"n","31535","オフィスチェア","31533"
"n","31536","カウンター","31533"
"n","31537","カタログケース","31533"
"n","31538","キーボックス","31533"
"n","31539","シューズボックス","31533"
"n","31540","デスクシステム","31533"
"n","31541","パーテーション","31533"
"n","31542","パソコンラック","31533"
"n","31543","ハンガーラック","31533"
"n","31544","パンフレットスタンド","31533"
"n","31545","ファイリングキャビネット","31533"
"n","31546","ファイルワゴン","31533"
"n","31547","マップケース・レターケース","31533"
"n","31548","ロッカー","31533"
"n","31549","ロビーチェア・ベンチ","31533"
"n","31550","応接セット","31533"
"n","31551","会議用チェア","31533"
"n","31552","会議用テーブル","31533"
